Workbook

Sheet 比較モード
B2: 解析モード | C2: 1 | E2: 解析範囲 | F2: α(degree) | G2: -5 | H2: ~ | I2: 10 | J2: モード1,2の時は ここを参照→
B3: 1:α-v 2:α 3:v | F3: v(m/s) | G3: 8 | H3: ~ | I3: 14
B5: 機速 | C5: 翼根迎角 | D5: 主翼形状抵抗 | E5: 主翼誘導抵抗 | F5: 主翼抵抗 | G5: 必要推力(全機抗力+5N) | H5: Power

Sheet BASE
E2: 定数コーナー | L2: 誘導抗力概算式
E3: 重力加速度 | F3: 9.7974665 | G3: [m/s^2] | P3: 必要ぱわー
E4: 空気密度 | F4: 1.184584 | G4: [N/m^3] | H4: 尾翼抵抗 | I4: 1 | J4: N | L4: 全機揚力係数^2/π・アス比・翼効率 | P4: =定常時揚力分布!M11 -> 346.3158
E5: 定常機速 | F5: 11.75 | G5: [m/s] | H5: フレーム抵抗 | I5: 1
E6: 機体重量 | F6: 35 | G6: [kg] | H6: フェアリング抵抗 | I6: 4
E7: P重量 | F7: 55 | G7: [kg] | H7: 駆動効率 | I7: 0.85 | M7: 翼効率 | N7: 0.99508664
E8: 総重量 | F8: =F6+F7 -> 90 | G8: [kg] | H8: ペラ効率 | I8: 0.87 | M8: AR | N8: =$L$13^2*4/1000000/$Q$13/2 -> 34.038103
E9: 必要揚力 | F9: =F8*F3 -> 881.77199 | G9: [N]
E10: 動粘性係数 ν | F10: 1.5586019e-05 | G10: m^2/s | I10: ↓python が数式読み取らないから T13~V18を数値だけコピーして.
C12: 翼型 | F12: cord | I12: Re | L12: 区間長さ | M12: 翼根からの距離 | N12: むかえかく(度) | Q12: 翼面積(m^2) | R12: 備考 | S12: 平均空力翼弦長
A13: 合計値とか | L13: =SUM(L14:L18) -> 10900 | Q13: =SUM(Q14:Q19) -> 6.981 | R13: FP | T13: =$F$5*$F$14/(1000*$F$10) -> 527716.54 | U13: ~ | V13: =$F$5*$H$14/(1000*$F$10) -> 527716.54
B14: 1 | C14: LXA-1M3GX | D14: ~ | E14: LXA-1M3GX | F14: 700 | G14: ~ | H14: 700 | I14: 520979.74 | J14: ~ | K14: 520979.74 | L14: 1500 | M14: =L14 -> 1500 | N14: 3.5 | O14: ~ | P14: 3.5 | Q14: =(F14+H14)/2*L14/1000000 -> 1.05 | R14: FPA | S14: =(F14+H14)/2 -> 700 | T14: =$F$5*$F$15/(1000*$F$10) -> 527716.54 | U14: ~ | V14: =$F$5*$H$15/(1000*$F$10) -> 527716.54
B15: 2 | C15: LXA-1M3GX | D15: ~ | E15: LXA-1M3GX | F15: 700 | G15: ~ | H15: 700 | I15: 520979.74 | J15: ~ | K15: 520979.74 | L15: 2700 | M15: =M14+L15 -> 4200 | N15: 3.5 | O15: ~ | P15: 3.5 | Q15: =(F15+H15)/2*L15/1000000 -> 1.89 | R15: FPA | S15: =(F15+H15)/2 -> 700 | T15: =$F$5*$F$16/(1000*$F$10) -> 527716.54 | U15: ~ | V15: =$F$5*$H$16/(1000*$F$10) -> 497561.31
B16: 3 | C16: LXA-1M3GX | D16: ~ | E16: LXA-2M6GX | F16: 700 | G16: ~ | H16: 660 | I16: 520979.74 | J16: ~ | K16: 491209.47 | L16: 2700 | M16: =M15+L16 -> 6900 | N16: 3.5 | O16: ~ | P16: 3 | Q16: =(F16+H16)/2*L16/1000000 -> 1.836 | R16: FPA | S16: =(F16+H16)/2 -> 680 | T16: =$F$5*$F$17/(1000*$F$10) -> 497561.31 | U16: ~ | V16: =$F$5*$H$17/(1000*$F$10) -> 407095.62
B17: 4 | C17: LXA-2M6GX | D17: ~ | E17: STL-07 | F17: 660 | G17: ~ | H17: 540 | I17: 491209.47 | J17: ~ | K17: 401898.65 | L17: 2500 | M17: =M16+L17 -> 9400 | N17: 3 | O17: ~ | P17: 1.7 | Q17: =(F17+H17)/2*L17/1000000 -> 1.5 | R17: FPA | S17: =(F17+H17)/2 -> 600 | T17: =$F$5*$F$18/(1000*$F$10) -> 407095.62 | U17: ~ | V17: =$F$5*$H$18/(1000*$F$10) -> 301552.31
B18: 5 | C18: STL-07 | D18: ~ | E18: rev_tip_115_mod | F18: 540 | G18: ~ | H18: 400 | I18: 401898.65 | J18: ~ | K18: 297702.71 | L18: 1500 | M18: =M17+L18 -> 10900 | N18: 1.7 | O18: ~ | P18: 1 | Q18: =(F18+H18)/2*L18/1000000 -> 0.705 | R18: A | S18: =(F18+H18)/2 -> 470 | T18: =$F$5*$F$19/(1000*$F$10) -> 0 | U18: ~ | V18: =$F$5*$H$19/(1000*$F$10) -> 0
B19: 6 | D19: ~ | G19: ~ | I19: 0 | J19: ~ | K19: 0 | M19: =M18+L19 -> 10900 | O19: ~ | Q19: =(F19+H19)/2*L19/1000000 -> 0 | S19: =(F19+H19)/2 -> 0
C22: 設計制約
C24: ・ハイエースでの機体輸送に対応(スパン制約2500程度と予想) ・ダイダロス型 ・
E37: 0 | F37: =F38 -> 700
E38: =L14 -> 1500 | F38: =H14 -> 700
E39: =M15 -> 4200 | F39: =H15 -> 700
E40: =M16 -> 6900 | F40: =H16 -> 660
E41: =M17 -> 9400 | F41: =H17 -> 540 | K41: https://youtube。com/playlist？list=PLtl5ylS6jdP6uOxzSJKPnUsvMbkmalfKg&si=yGcgfqDeptw4trVc
E42: =M18 -> 10900 | F42: =H18 -> 400
E43: =M19 -> 10900

Sheet BASE限界
E2: 定数コーナー | L2: 誘導抗力概算式
E3: 重力加速度 | F3: 9.7974665 | G3: [m/s^2] | P3: 必要ぱわー
E4: 空気密度 | F4: 1.184584 | G4: [N/m^3] | H4: 尾翼抵抗 | I4: 1 | J4: N | L4: 全機揚力係数^2/π・アス比・翼効率 | P4: =低速時揚力分布!M11 -> 309.69026
E5: 定常機速 | F5: 9 | G5: [m/s] | H5: フレーム抵抗 | I5: 1
E6: 機体重量 | F6: 35 | G6: [kg] | H6: フェアリング抵抗 | I6: 4
E7: P重量 | F7: 55 | G7: [kg] | H7: 駆動効率 | I7: 0.9 | M7: 翼効率 | N7: 0.97933278
E8: 総重量 | F8: =F6+F7 -> 90 | G8: [kg] | H8: ペラ効率 | I8: 0.85 | M8: AR | N8: =$L$13^2*4/1000000/$Q$13/2 -> 31.049262
E9: 必要揚力 | F9: =F8*F3 -> 881.77199 | G9: [N]
E10: 動粘性係数 ν | F10: 1.5586019e-05 | G10: m^2/s | I10: ↓python が数式読み取らないから U13~W18を数値だけコピーして.
C12: 翼型 | F12: cord | I12: Re | L12: 区間長さ | M12: 翼根からの距離 | N12: むかえかく(度) | Q12: 翼面積(m^2) | R12: 備考 | S12: 平均空力翼弦長 | X12: 消すな！！
A13: 合計値とか | L13: =SUM(L14:L18) -> 10900 | Q13: =SUM(Q14:Q19) -> 7.653 | R13: FP | T13: =$F$5*$F$14/(1000*$F$10) -> 496598.91 | U13: ~ | V13: =$F$5*$H$14/(1000*$F$10) -> 496598.91
B14: 1 | C14: LXA-1M3GXFP2 | D14: ~ | E14: LXA-1M3GXFP2 | F14: 860 | G14: ~ | H14: 860 | I14: 496598.91 | J14: ~ | K14: 496598.91 | L14: 1500 | M14: =L14 -> 1500 | N14: 3.2 | O14: ~ | P14: 3.2 | Q14: =(F14+H14)/2*L14/1000000 -> 1.29 | R14: FPA | S14: =(F14+H14)/2 -> 860 | T14: =$F$5*$F$15/(1000*$F$10) -> 496598.91 | U14: ~ | V14: =$F$5*$H$15/(1000*$F$10) -> 496598.91 | X14: =#REF!/L14*100 -> #REF!
B15: 2 | C15: LXA-1M3GXFP2 | D15: ~ | E15: LXA-1M3GXFP2 | F15: 860 | G15: ~ | H15: 860 | I15: 496598.91 | J15: ~ | K15: 496598.91 | L15: 2700 | M15: =M14+L15 -> 4200 | N15: 3.2 | O15: ~ | P15: 3.2 | Q15: =(F15+H15)/2*L15/1000000 -> 2.322 | R15: FPA | S15: =(F15+H15)/2 -> 860 | T15: =$F$5*$F$16/(1000*$F$10) -> 404208.42 | U15: ~ | V15: =$F$5*$H$16/(1000*$F$10) -> 381110.79 | X15: =#REF!/L15*100 -> #REF!
B16: 3 | C16: LXA-1M3GXFP | D16: ~ | E16: LXA-2M6GXFP | F16: 700 | G16: ~ | H16: 660 | I16: 404208.42 | J16: ~ | K16: 358013.17 | L16: 2700 | M16: =M15+L16 -> 6900 | N16: 3.2 | O16: ~ | P16: 2.7 | Q16: =(F16+H16)/2*L16/1000000 -> 1.836 | R16: FPA | S16: =(F16+H16)/2 -> 680 | T16: =$F$5*$F$17/(1000*$F$10) -> 381110.79 | U16: ~ | V16: =$F$5*$H$17/(1000*$F$10) -> 311817.92 | X16: =#REF!/L16*100 -> #REF!
B17: 4 | C17: LXA-2M6GXFP | D17: ~ | E17: STL-07FP | F17: 660 | G17: ~ | H17: 540 | I17: 358013.17 | J17: ~ | K17: 311817.92 | L17: 2500 | M17: =M16+L17 -> 9400 | N17: 2.7 | O17: ~ | P17: 1 | Q17: =(F17+H17)/2*L17/1000000 -> 1.5 | R17: FPA | S17: =(F17+H17)/2 -> 600 | T17: =$F$5*$F$18/(1000*$F$10) -> 311817.92 | U17: ~ | V17: =$F$5*$H$18/(1000*$F$10) -> 230976.24 | X17: =#REF!/L17*100 -> #REF!
B18: 5 | C18: STL-07FP | D18: ~ | E18: rev_tip_115_modFP | F18: 540 | G18: ~ | H18: 400 | I18: 311817.92 | J18: ~ | K18: 230976.24 | L18: 1500 | M18: =M17+L18 -> 10900 | N18: 1 | O18: ~ | P18: 0.5 | Q18: =(F18+H18)/2*L18/1000000 -> 0.705 | R18: A | S18: =(F18+H18)/2 -> 470 | T18: =$F$5*$F$19/(1000*$F$10) -> 0 | U18: ~ | V18: =$F$5*$H$19/(1000*$F$10) -> 0 | X18: =#REF!/L18*100 -> #REF!
B19: 6 | D19: ~ | G19: ~ | I19: 0 | J19: ~ | K19: 0 | M19: =M18+L19 -> 10900 | O19: ~ | Q19: =(F19+H19)/2*L19/1000000 -> 0 | S19: =(F19+H19)/2 -> 0 | X19: =#REF!/L19*100 -> #REF!
C22: 設計制約
C24: ・ハイエースでの機体輸送に対応(スパン制約2500程度と予想) ・ダイダロス型 ・ | O24: =(F14-H14)/L14*100 -> 0
O25: =(F15-H15)/L15*100 -> 0
O26: =(F16-H16)/L16*100 -> 1.4814815
O27: =(F17-H17)/L17*100 -> 4.8
O28: =(F18-H18)/L18*100 -> 9.3333333
O29: =(F19-H19)/L19*100 -> #DIV/0!
E37: 0 | F37: =F38 -> 860
E38: =L14 -> 1500 | F38: =H14 -> 860
E39: =M15 -> 4200 | F39: =H15 -> 860
E40: =M16 -> 6900 | F40: =H16 -> 660
E41: =M17 -> 9400 | F41: =H17 -> 540 | K41: https://youtube。com/playlist？list=PLtl5ylS6jdP6uOxzSJKPnUsvMbkmalfKg&si=yGcgfqDeptw4trVc
E42: =M18 -> 10900 | F42: =H18 -> 400
E43: =M19 -> 10900

Sheet 定常時揚力分布
B1: 定常時揚力分布
L2: 各種パラメータ
B3: cord | C3: 楕円理想 | D3: 誘導迎角 | E3: Cl | F3: Cd | G3: Cm | H3: XCp | I3: 局所揚力 | J3: 形状抵抗 | L3: L初期値 | M3: 900
A4: 0 | B4: 700 | C4: =4*$M$3*10^3*100*0.001*SQRT(1-4*A4^2/(BASE!$L$13*BASE!$L$13*4))/(PI()*BASE!$L$13*2) -> 5.2564935 | D4: 0.37550828 | E4: 0.91174329 | F4: 0.0082793491 | G4: -0.11268392 | H4: 0.36735009 | I4: =1/2*BASE!$F$4*(BASE!$F$5^2)*B4/1000*E4*0.1 -> 5.218939 | J4: =1/2*BASE!$F$4*(BASE!$F$5^2)*B4/1000*F4*0.1 -> 0.047392087 | L4: 総揚力 | M4: =SUM(I4:I181)*2 -> 906.98627
A5: 100 | B5: 700 | C5: =4*$M$3*10^3*100*0.001*SQRT(1-4*A5^2/(BASE!$L$13*BASE!$L$13*4))/(PI()*BASE!$L$13*2) -> 5.2562723 | D5: 0.37555584 | E5: 0.91173812 | F5: 0.0082793246 | G5: -0.11268392 | H5: 0.36735085 | I5: =1/2*BASE!$F$4*(BASE!$F$5^2)*(B5+B4)/2000*E5*0.1 -> 5.2189093 | J5: =1/2*BASE!$F$4*(BASE!$F$5^2)*(B5+B4)/2000*F5*0.1 -> 0.047391947 | L5: 両翼形状抵抗 | M5: =SUM(J4:J181)*2 -> 9.0245837
A6: 200 | B6: 700 | C6: =4*$M$3*10^3*100*0.001*SQRT(1-4*A6^2/(BASE!$L$13*BASE!$L$13*4))/(PI()*BASE!$L$13*2) -> 5.2556086 | D6: 0.37577034 | E6: 0.91171477 | F6: 0.0082792139 | G6: -0.11268392 | H6: 0.36735428 | I6: =1/2*BASE!$F$4*(BASE!$F$5^2)*(B6+B5)/2000*E6*0.1 -> 5.2187757 | J6: =1/2*BASE!$F$4*(BASE!$F$5^2)*(B6+B5)/2000*F6*0.1 -> 0.047391313 | L6: 全機Cl | M6: =$M$4/BASE!$Q$13/BASE!$F$4/BASE!$F$5^2 -> 0.7944041
A7: 300 | B7: 700 | C7: =4*$M$3*10^3*100*0.001*SQRT(1-4*A7^2/(BASE!$L$13*BASE!$L$13*4))/(PI()*BASE!$L$13*2) -> 5.2545022 | D7: 0.37612847 | E7: 0.91167579 | F7: 0.0082790291 | G7: -0.11268392 | H7: 0.36736002 | I7: =1/2*BASE!$F$4*(BASE!$F$5^2)*(B7+B6)/2000*E7*0.1 -> 5.2185526 | J7: =1/2*BASE!$F$4*(BASE!$F$5^2)*(B7+B6)/2000*F7*0.1 -> 0.047390255 | L7: AR | M7: =BASE!$N$8 -> 34.038103
A8: 400 | B8: 700 | C8: =4*$M$3*10^3*100*0.001*SQRT(1-4*A8^2/(BASE!$L$13*BASE!$L$13*4))/(PI()*BASE!$L$13*2) -> 5.2529529 | D8: 0.37658282 | E8: 0.91162634 | F8: 0.0082787946 | G8: -0.11268392 | H8: 0.36736728 | I8: =1/2*BASE!$F$4*(BASE!$F$5^2)*(B8+B7)/2000*E8*0.1 -> 5.2182695 | J8: =1/2*BASE!$F$4*(BASE!$F$5^2)*(B8+B7)/2000*F8*0.1 -> 0.047388913 | L8: 全機誘導抵抗 | M8: =$M$6^2/(BASE!$N$8*BASE!$N$7*PI())*BASE!$F$4*BASE!$F$5^2*BASE!$Q$13 -> 6.7712067
A9: 500 | B9: 700 | C9: =4*$M$3*10^3*100*0.001*SQRT(1-4*A9^2/(BASE!$L$13*BASE!$L$13*4))/(PI()*BASE!$L$13*2) -> 5.2509603 | D9: 0.37723221 | E9: 0.91155566 | F9: 0.0082784595 | G9: -0.11268392 | H9: 0.36737767 | I9: =1/2*BASE!$F$4*(BASE!$F$5^2)*(B9+B8)/2000*E9*0.1 -> 5.2178649 | J9: =1/2*BASE!$F$4*(BASE!$F$5^2)*(B9+B8)/2000*F9*0.1 -> 0.047386995 | L9: 主翼総合抵抗 | M9: =$M$8+$M$5 -> 15.79579
A10: 600 | B10: 700 | C10: =4*$M$3*10^3*100*0.001*SQRT(1-4*A10^2/(BASE!$L$13*BASE!$L$13*4))/(PI()*BASE!$L$13*2) -> 5.2485238 | D10: 0.37800536 | E10: 0.91147151 | F10: 0.0082780604 | G10: -0.11268392 | H10: 0.36739005 | I10: =1/2*BASE!$F$4*(BASE!$F$5^2)*(B10+B9)/2000*E10*0.1 -> 5.2173833 | J10: =1/2*BASE!$F$4*(BASE!$F$5^2)*(B10+B9)/2000*F10*0.1 -> 0.047384711 | L10: 全機抵抗 | M10: =$M$9+BASE!$I$4+BASE!$I$5+BASE!$I$6 -> 21.79579
A11: 700 | B11: 700 | C11: =4*$M$3*10^3*100*0.001*SQRT(1-4*A11^2/(BASE!$L$13*BASE!$L$13*4))/(PI()*BASE!$L$13*2) -> 5.2456428 | D11: 0.37887808 | E11: 0.91137653 | F11: 0.00827761 | G11: -0.11268392 | H11: 0.36740401 | I11: =1/2*BASE!$F$4*(BASE!$F$5^2)*(B11+B10)/2000*E11*0.1 -> 5.2168395 | J11: =1/2*BASE!$F$4*(BASE!$F$5^2)*(B11+B10)/2000*F11*0.1 -> 0.047382133 | L11: 必要出力 | M11: =$M$10*BASE!$F$5/BASE!$I$7/BASE!$I$8 -> 346.3158
A12: 800 | B12: 700 | C12: =4*$M$3*10^3*100*0.001*SQRT(1-4*A12^2/(BASE!$L$13*BASE!$L$13*4))/(PI()*BASE!$L$13*2) -> 5.2423167 | D12: 0.37998052 | E12: 0.91125654 | F12: 0.0082770411 | G12: -0.11268392 | H12: 0.36742165 | I12: =1/2*BASE!$F$4*(BASE!$F$5^2)*(B12+B11)/2000*E12*0.1 -> 5.2161527 | J12: =1/2*BASE!$F$4*(BASE!$F$5^2)*(B12+B11)/2000*F12*0.1 -> 0.047378876
A13: 900 | B13: 700 | C13: =4*$M$3*10^3*100*0.001*SQRT(1-4*A13^2/(BASE!$L$13*BASE!$L$13*4))/(PI()*BASE!$L$13*2) -> 5.2385445 | D13: 0.38118922 | E13: 0.91112499 | F13: 0.0082764173 | G13: -0.11268392 | H13: 0.36744099 | I13: =1/2*BASE!$F$4*(BASE!$F$5^2)*(B13+B12)/2000*E13*0.1 -> 5.2153997 | J13: =1/2*BASE!$F$4*(BASE!$F$5^2)*(B13+B12)/2000*F13*0.1 -> 0.047375305
A14: 1000 | B14: 700 | C14: =4*$M$3*10^3*100*0.001*SQRT(1-4*A14^2/(BASE!$L$13*BASE!$L$13*4))/(PI()*BASE!$L$13*2) -> 5.2343254 | D14: 0.38252886 | E14: 0.91097918 | F14: 0.008275726 | G14: -0.11268392 | H14: 0.36746242 | I14: =1/2*BASE!$F$4*(BASE!$F$5^2)*(B14+B13)/2000*E14*0.1 -> 5.2145651 | J14: =1/2*BASE!$F$4*(BASE!$F$5^2)*(B14+B13)/2000*F14*0.1 -> 0.047371348
A15: 1100 | B15: 700 | C15: =4*$M$3*10^3*100*0.001*SQRT(1-4*A15^2/(BASE!$L$13*BASE!$L$13*4))/(PI()*BASE!$L$13*2) -> 5.2296581 | D15: 0.38409084 | E15: 0.91080918 | F15: 0.0082749198 | G15: -0.11268392 | H15: 0.36748741 | I15: =1/2*BASE!$F$4*(BASE!$F$5^2)*(B15+B14)/2000*E15*0.1 -> 5.2135919 | J15: =1/2*BASE!$F$4*(BASE!$F$5^2)*(B15+B14)/2000*F15*0.1 -> 0.047366733
A16: 1200 | B16: 700 | C16: =4*$M$3*10^3*100*0.001*SQRT(1-4*A16^2/(BASE!$L$13*BASE!$L$13*4))/(PI()*BASE!$L$13*2) -> 5.2245416 | D16: 0.38576855 | E16: 0.91062657 | F16: 0.008274054 | G16: -0.11268392 | H16: 0.36751426 | I16: =1/2*BASE!$F$4*(BASE!$F$5^2)*(B16+B15)/2000*E16*0.1 -> 5.2125467 | J16: =1/2*BASE!$F$4*(BASE!$F$5^2)*(B16+B15)/2000*F16*0.1 -> 0.047361777
A17: 1300 | B17: 700 | C17: =4*$M$3*10^3*100*0.001*SQRT(1-4*A17^2/(BASE!$L$13*BASE!$L$13*4))/(PI()*BASE!$L$13*2) -> 5.2189744 | D17: 0.38761504 | E17: 0.9104256 | F17: 0.0082731011 | G17: -0.11268392 | H17: 0.3675438 | I17: =1/2*BASE!$F$4*(BASE!$F$5^2)*(B17+B16)/2000*E17*0.1 -> 5.2113963 | J17: =1/2*BASE!$F$4*(BASE!$F$5^2)*(B17+B16)/2000*F17*0.1 -> 0.047356323
A18: 1400 | B18: 700 | C18: =4*$M$3*10^3*100*0.001*SQRT(1-4*A18^2/(BASE!$L$13*BASE!$L$13*4))/(PI()*BASE!$L$13*2) -> 5.2129552 | D18: 0.38968181 | E18: 0.91020066 | F18: 0.0082720344 | G18: -0.11268392 | H18: 0.36757687 | I18: =1/2*BASE!$F$4*(BASE!$F$5^2)*(B18+B17)/2000*E18*0.1 -> 5.2101087 | J18: =1/2*BASE!$F$4*(BASE!$F$5^2)*(B18+B17)/2000*F18*0.1 -> 0.047350217
A19: 1500 | B19: 700 | C19: =4*$M$3*10^3*100*0.001*SQRT(1-4*A19^2/(BASE!$L$13*BASE!$L$13*4))/(PI()*BASE!$L$13*2) -> 5.2064824 | D19: 0.39187808 | E19: 0.90996162 | F19: 0.008270901 | G19: -0.11268392 | H19: 0.36761201 | I19: =1/2*BASE!$F$4*(BASE!$F$5^2)*(B19+B18)/2000*E19*0.1 -> 5.2087404 | J19: =1/2*BASE!$F$4*(BASE!$F$5^2)*(B19+B18)/2000*F19*0.1 -> 0.047343729
A20: 1600 | B20: 700 | C20: =4*$M$3*10^3*100*0.001*SQRT(1-4*A20^2/(BASE!$L$13*BASE!$L$13*4))/(PI()*BASE!$L$13*2) -> 5.1995543 | D20: 0.39429 | E20: 0.90969911 | F20: 0.0082696563 | G20: -0.11268392 | H20: 0.3676506 | I20: =1/2*BASE!$F$4*(BASE!$F$5^2)*(B20+B19)/2000*E20*0.1 -> 5.2072378 | J20: =1/2*BASE!$F$4*(BASE!$F$5^2)*(B20+B19)/2000*F20*0.1 -> 0.047336604
A21: 1700 | B21: 700 | C21: =4*$M$3*10^3*100*0.001*SQRT(1-4*A21^2/(BASE!$L$13*BASE!$L$13*4))/(PI()*BASE!$L$13*2) -> 5.192169 | D21: 0.39692656 | E21: 0.90941215 | F21: 0.0082682956 | G21: -0.11268392 | H21: 0.36769278 | I21: =1/2*BASE!$F$4*(BASE!$F$5^2)*(B21+B20)/2000*E21*0.1 -> 5.2055952 | J21: =1/2*BASE!$F$4*(BASE!$F$5^2)*(B21+B20)/2000*F21*0.1 -> 0.047328815
A22: 1800 | B22: 700 | C22: =4*$M$3*10^3*100*0.001*SQRT(1-4*A22^2/(BASE!$L$13*BASE!$L$13*4))/(PI()*BASE!$L$13*2) -> 5.1843247 | D22: 0.39971207 | E22: 0.90910897 | F22: 0.008266858 | G22: -0.11268392 | H22: 0.36773735 | I22: =1/2*BASE!$F$4*(BASE!$F$5^2)*(B22+B21)/2000*E22*0.1 -> 5.2038598 | J22: =1/2*BASE!$F$4*(BASE!$F$5^2)*(B22+B21)/2000*F22*0.1 -> 0.047320587
A23: 1900 | B23: 700 | C23: =4*$M$3*10^3*100*0.001*SQRT(1-4*A23^2/(BASE!$L$13*BASE!$L$13*4))/(PI()*BASE!$L$13*2) -> 5.1760192 | D23: 0.40277286 | E23: 0.90877495 | F23: 0.0082656449 | G23: -0.11268553 | H23: 0.36778793 | I23: =1/2*BASE!$F$4*(BASE!$F$5^2)*(B23+B22)/2000*E23*0.1 -> 5.2019478 | J23: =1/2*BASE!$F$4*(BASE!$F$5^2)*(B23+B22)/2000*F23*0.1 -> 0.047313642
... A113: 10900 | B113: 400 | C113: =4*$M$3*10^3*100*0.001*SQRT(1-4*A113^2/(BASE!$L$13*BASE!$L$13*4))/(PI()*BASE!$L$13*2) -> 0 | D113: 2.9827385 | E113: 0.080608918 | F113: 0.0082145675 | G113: -0.052556216 | H113: 0.90678703 | I113: =1/2*BASE!$F$4*(BASE!$F$5^2)*(B113+B112)/2000*E113*0.1 -> 0.26674244 | J113: =1/2*BASE!$F$4*(BASE!$F$5^2)*(B113+B112)/2000*F113*0.1 -> 0.027182772
A114: 11000 | C114: =4*$M$3*10^3*100*0.001*SQRT(1-4*A114^2/(BASE!$L$13*BASE!$L$13*4))/(PI()*BASE!$L$13*2) -> #NUM! | J114: =1/2*BASE!$F$4*(BASE!$F$5^2)*(B114+B113)/2000*F114*0.1 -> 0
A115: 11100 | C115: =4*$M$3*10^3*100*0.001*SQRT(1-4*A115^2/(BASE!$L$13*BASE!$L$13*4))/(PI()*BASE!$L$13*2) -> #NUM! | J115: =1/2*BASE!$F$4*(BASE!$F$5^2)*(B115+B114)/2000*F115*0.1 -> 0
A116: 11200 | C116: =4*$M$3*10^3*100*0.001*SQRT(1-4*A116^2/(BASE!$L$13*BASE!$L$13*4))/(PI()*BASE!$L$13*2) -> #NUM! | J116: =1/2*BASE!$F$4*(BASE!$F$5^2)*(B116+B115)/2000*F116*0.1 -> 0
A117: 11300 | C117: =4*$M$3*10^3*100*0.001*SQRT(1-4*A117^2/(BASE!$L$13*BASE!$L$13*4))/(PI()*BASE!$L$13*2) -> #NUM! | J117: =1/2*BASE!$F$4*(BASE!$F$5^2)*(B117+B116)/2000*F117*0.1 -> 0
A118: 11400 | C118: =4*$M$3*10^3*100*0.001*SQRT(1-4*A118^2/(BASE!$L$13*BASE!$L$13*4))/(PI()*BASE!$L$13*2) -> #NUM! | J118: =1/2*BASE!$F$4*(BASE!$F$5^2)*(B118+B117)/2000*F118*0.1 -> 0
A119: 11500 | C119: =4*$M$3*10^3*100*0.001*SQRT(1-4*A119^2/(BASE!$L$13*BASE!$L$13*4))/(PI()*BASE!$L$13*2) -> #NUM! | J119: =1/2*BASE!$F$4*(BASE!$F$5^2)*(B119+B118)/2000*F119*0.1 -> 0
A120: 11600 | C120: =4*$M$3*10^3*100*0.001*SQRT(1-4*A120^2/(BASE!$L$13*BASE!$L$13*4))/(PI()*BASE!$L$13*2) -> #NUM! | J120: =1/2*BASE!$F$4*(BASE!$F$5^2)*(B120+B119)/2000*F120*0.1 -> 0
A121: 11700 | C121: =4*$M$3*10^3*100*0.001*SQRT(1-4*A121^2/(BASE!$L$13*BASE!$L$13*4))/(PI()*BASE!$L$13*2) -> #NUM! | J121: =1/2*BASE!$F$4*(BASE!$F$5^2)*(B121+B120)/2000*F121*0.1 -> 0
A122: 11800 | C122: =4*$M$3*10^3*100*0.001*SQRT(1-4*A122^2/(BASE!$L$13*BASE!$L$13*4))/(PI()*BASE!$L$13*2) -> #NUM! | J122: =1/2*BASE!$F$4*(BASE!$F$5^2)*(B122+B121)/2000*F122*0.1 -> 0
A123: 11900 | C123: =4*$M$3*10^3*100*0.001*SQRT(1-4*A123^2/(BASE!$L$13*BASE!$L$13*4))/(PI()*BASE!$L$13*2) -> #NUM! | J123: =1/2*BASE!$F$4*(BASE!$F$5^2)*(B123+B122)/2000*F123*0.1 -> 0
A124: 12000 | C124: =4*$M$3*10^3*100*0.001*SQRT(1-4*A124^2/(BASE!$L$13*BASE!$L$13*4))/(PI()*BASE!$L$13*2) -> #NUM! | J124: =1/2*BASE!$F$4*(BASE!$F$5^2)*(B124+B123)/2000*F124*0.1 -> 0
A125: 12100 | C125: =4*$M$3*10^3*100*0.001*SQRT(1-4*A125^2/(BASE!$L$13*BASE!$L$13*4))/(PI()*BASE!$L$13*2) -> #NUM! | J125: =1/2*BASE!$F$4*(BASE!$F$5^2)*(B125+B124)/2000*F125*0.1 -> 0
... A181: 17700 | C181: =4*$M$3*10^3*100*0.001*SQRT(1-4*A181^2/(BASE!$L$13*BASE!$L$13*4))/(PI()*BASE!$L$13*2) -> #NUM! | J181: =1/2*BASE!$F$4*(BASE!$F$5^2)*(B181+B180)/2000*F181*0.1 -> 0

Sheet 低速時揚力分布
B1: 低速時揚力分布
L2: 各種パラメータ
B3: cord | C3: 楕円理想 | D3: 誘導迎角 | E3: Cl | F3: Cd | G3: Cm | H3: XCp | I3: 局所揚力 | J3: 形状抵抗 | L3: L初期値 | M3: 900
A4: 0 | B4: 860 | C4: =4*$M$3*10^3*100*0.001*SQRT(1-4*A4^2/(BASE限界!$L$13*BASE限界!$L$13*4))/(PI()*BASE限界!$L$13*2) -> 5.2564935 | D4: 0.82592873 | E4: 1.3565399 | F4: 0.012133532 | G4: -0.19417113 | H4: 0.38649397 | I4: =1/2*BASE限界!$F$4*(BASE限界!$F$5^2)*B4/1000*E4*0.1 -> 5.5969563 | J4: =1/2*BASE限界!$F$4*(BASE限界!$F$5^2)*B4/1000*F4*0.1 -> 0.050061812 | L4: 総揚力 | M4: =SUM(I4:I181)*2 -> 909.49248
A5: 100 | B5: 860 | C5: =4*$M$3*10^3*100*0.001*SQRT(1-4*A5^2/(BASE限界!$L$13*BASE限界!$L$13*4))/(PI()*BASE限界!$L$13*2) -> 5.2562723 | D5: 0.82619388 | E5: 1.3565253 | F5: 0.012133054 | G5: -0.19417376 | H5: 0.38649793 | I5: =1/2*BASE限界!$F$4*(BASE限界!$F$5^2)*(B5+B4)/2000*E5*0.1 -> 5.5968958 | J5: =1/2*BASE限界!$F$4*(BASE限界!$F$5^2)*(B5+B4)/2000*F5*0.1 -> 0.050059842 | L5: 両翼形状抵抗 | M5: =SUM(J4:J181)*2 -> 8.5317611
A6: 200 | B6: 860 | C6: =4*$M$3*10^3*100*0.001*SQRT(1-4*A6^2/(BASE限界!$L$13*BASE限界!$L$13*4))/(PI()*BASE限界!$L$13*2) -> 5.2556086 | D6: 0.82738958 | E6: 1.3564591 | F6: 0.012130902 | G6: -0.19418564 | H6: 0.38651578 | I6: =1/2*BASE限界!$F$4*(BASE限界!$F$5^2)*(B6+B5)/2000*E6*0.1 -> 5.5966228 | J6: =1/2*BASE限界!$F$4*(BASE限界!$F$5^2)*(B6+B5)/2000*F6*0.1 -> 0.050050962 | L6: 全機Cl | M6: =$M$4/BASE限界!$Q$13/BASE限界!$F$4/BASE限界!$F$5^2 -> 1.2385585
A7: 300 | B7: 860 | C7: =4*$M$3*10^3*100*0.001*SQRT(1-4*A7^2/(BASE限界!$L$13*BASE限界!$L$13*4))/(PI()*BASE限界!$L$13*2) -> 5.2545022 | D7: 0.82940245 | E7: 1.3563477 | F7: 0.012127279 | G7: -0.19420563 | H7: 0.38654584 | I7: =1/2*BASE限界!$F$4*(BASE限界!$F$5^2)*(B7+B6)/2000*E7*0.1 -> 5.5961632 | J7: =1/2*BASE限界!$F$4*(BASE限界!$F$5^2)*(B7+B6)/2000*F7*0.1 -> 0.050036013 | L7: AR | M7: =BASE限界!$N$8 -> 31.049262
A8: 400 | B8: 860 | C8: =4*$M$3*10^3*100*0.001*SQRT(1-4*A8^2/(BASE限界!$L$13*BASE限界!$L$13*4))/(PI()*BASE限界!$L$13*2) -> 5.2529529 | D8: 0.83197129 | E8: 1.3562055 | F8: 0.012122655 | G8: -0.19423114 | H8: 0.3865842 | I8: =1/2*BASE限界!$F$4*(BASE限界!$F$5^2)*(B8+B7)/2000*E8*0.1 -> 5.5955766 | J8: =1/2*BASE限界!$F$4*(BASE限界!$F$5^2)*(B8+B7)/2000*F8*0.1 -> 0.050016936 | L8: 全機誘導抵抗 | M8: =$M$6^2/(BASE限界!$N$8*BASE限界!$N$7*PI())*BASE限界!$F$4*BASE限界!$F$5^2*BASE限界!$Q$13 -> 11.791911
A9: 500 | B9: 860 | C9: =4*$M$3*10^3*100*0.001*SQRT(1-4*A9^2/(BASE限界!$L$13*BASE限界!$L$13*4))/(PI()*BASE限界!$L$13*2) -> 5.2509603 | D9: 0.83571924 | E9: 1.3559981 | F9: 0.012115909 | G9: -0.19426837 | H9: 0.38664016 | I9: =1/2*BASE限界!$F$4*(BASE限界!$F$5^2)*(B9+B8)/2000*E9*0.1 -> 5.5947209 | J9: =1/2*BASE限界!$F$4*(BASE限界!$F$5^2)*(B9+B8)/2000*F9*0.1 -> 0.049989101 | L9: 主翼総合抵抗 | M9: =$M$8+$M$5 -> 20.323672
A10: 600 | B10: 860 | C10: =4*$M$3*10^3*100*0.001*SQRT(1-4*A10^2/(BASE限界!$L$13*BASE限界!$L$13*4))/(PI()*BASE限界!$L$13*2) -> 5.2485238 | D10: 0.8402659 | E10: 1.3557465 | F10: 0.012107725 | G10: -0.19431352 | H10: 0.38670805 | I10: =1/2*BASE限界!$F$4*(BASE限界!$F$5^2)*(B10+B9)/2000*E10*0.1 -> 5.5936827 | J10: =1/2*BASE限界!$F$4*(BASE限界!$F$5^2)*(B10+B9)/2000*F10*0.1 -> 0.049955335 | L10: 全機抵抗 | M10: =$M$9+BASE限界!$I$4+BASE限界!$I$5+BASE限界!$I$6 -> 26.323672
A11: 700 | B11: 860 | C11: =4*$M$3*10^3*100*0.001*SQRT(1-4*A11^2/(BASE限界!$L$13*BASE限界!$L$13*4))/(PI()*BASE限界!$L$13*2) -> 5.2456428 | D11: 0.8454552 | E11: 1.3554593 | F11: 0.012098384 | G11: -0.19436506 | H11: 0.38678554 | I11: =1/2*BASE限界!$F$4*(BASE限界!$F$5^2)*(B11+B10)/2000*E11*0.1 -> 5.5924979 | J11: =1/2*BASE限界!$F$4*(BASE限界!$F$5^2)*(B11+B10)/2000*F11*0.1 -> 0.049916796 | L11: 必要出力 | M11: =$M$10*BASE限界!$F$5/BASE限界!$I$7/BASE限界!$I$8 -> 309.69026
A12: 800 | B12: 860 | C12: =4*$M$3*10^3*100*0.001*SQRT(1-4*A12^2/(BASE限界!$L$13*BASE限界!$L$13*4))/(PI()*BASE限界!$L$13*2) -> 5.2423167 | D12: 0.85233199 | E12: 1.3550788 | F12: 0.012086006 | G12: -0.19443336 | H12: 0.38688822 | I12: =1/2*BASE限界!$F$4*(BASE限界!$F$5^2)*(B12+B11)/2000*E12*0.1 -> 5.5909277 | J12: =1/2*BASE限界!$F$4*(BASE限界!$F$5^2)*(B12+B11)/2000*F12*0.1 -> 0.049865724
A13: 900 | B13: 860 | C13: =4*$M$3*10^3*100*0.001*SQRT(1-4*A13^2/(BASE限界!$L$13*BASE限界!$L$13*4))/(PI()*BASE限界!$L$13*2) -> 5.2385445 | D13: 0.86009388 | E13: 1.3546492 | F13: 0.012072034 | G13: -0.19451046 | H13: 0.38700412 | I13: =1/2*BASE限界!$F$4*(BASE限界!$F$5^2)*(B13+B12)/2000*E13*0.1 -> 5.5891555 | J13: =1/2*BASE限界!$F$4*(BASE限界!$F$5^2)*(B13+B12)/2000*F13*0.1 -> 0.04980808
A14: 1000 | B14: 860 | C14: =4*$M$3*10^3*100*0.001*SQRT(1-4*A14^2/(BASE限界!$L$13*BASE限界!$L$13*4))/(PI()*BASE限界!$L$13*2) -> 5.2343254 | D14: 0.8689465 | E14: 1.3541593 | F14: 0.0120561 | G14: -0.19459838 | H14: 0.38713631 | I14: =1/2*BASE限界!$F$4*(BASE限界!$F$5^2)*(B14+B13)/2000*E14*0.1 -> 5.5871341 | J14: =1/2*BASE限界!$F$4*(BASE限界!$F$5^2)*(B14+B13)/2000*F14*0.1 -> 0.049742334
A15: 1100 | B15: 860 | C15: =4*$M$3*10^3*100*0.001*SQRT(1-4*A15^2/(BASE限界!$L$13*BASE限界!$L$13*4))/(PI()*BASE限界!$L$13*2) -> 5.2296581 | D15: 0.88012894 | E15: 1.3535405 | F15: 0.012035971 | G15: -0.19470944 | H15: 0.38730329 | I15: =1/2*BASE限界!$F$4*(BASE限界!$F$5^2)*(B15+B14)/2000*E15*0.1 -> 5.5845809 | J15: =1/2*BASE限界!$F$4*(BASE限界!$F$5^2)*(B15+B14)/2000*F15*0.1 -> 0.049659287
A16: 1200 | B16: 860 | C16: =4*$M$3*10^3*100*0.001*SQRT(1-4*A16^2/(BASE限界!$L$13*BASE限界!$L$13*4))/(PI()*BASE限界!$L$13*2) -> 5.2245416 | D16: 0.892773 | E16: 1.3528408 | F16: 0.012013212 | G16: -0.19483502 | H16: 0.38749209 | I16: =1/2*BASE限界!$F$4*(BASE限界!$F$5^2)*(B16+B15)/2000*E16*0.1 -> 5.5816939 | J16: =1/2*BASE限界!$F$4*(BASE限界!$F$5^2)*(B16+B15)/2000*F16*0.1 -> 0.049565384
A17: 1300 | B17: 860 | C17: =4*$M$3*10^3*100*0.001*SQRT(1-4*A17^2/(BASE限界!$L$13*BASE限界!$L$13*4))/(PI()*BASE限界!$L$13*2) -> 5.2189744 | D17: 0.90765094 | E17: 1.3519639 | F17: 0.011986536 | G17: -0.19496749 | H17: 0.38771476 | I17: =1/2*BASE限界!$F$4*(BASE限界!$F$5^2)*(B17+B16)/2000*E17*0.1 -> 5.5780759 | J17: =1/2*BASE限界!$F$4*(BASE限界!$F$5^2)*(B17+B16)/2000*F17*0.1 -> 0.04945532
A18: 1400 | B18: 860 | C18: =4*$M$3*10^3*100*0.001*SQRT(1-4*A18^2/(BASE限界!$L$13*BASE限界!$L$13*4))/(PI()*BASE限界!$L$13*2) -> 5.2129552 | D18: 0.92731516 | E18: 1.350738 | F18: 0.011951408 | G18: -0.19512347 | H18: 0.38800973 | I18: =1/2*BASE限界!$F$4*(BASE限界!$F$5^2)*(B18+B17)/2000*E18*0.1 -> 5.573018 | J18: =1/2*BASE限界!$F$4*(BASE限界!$F$5^2)*(B18+B17)/2000*F18*0.1 -> 0.049310385
A19: 1500 | B19: 860 | C19: =4*$M$3*10^3*100*0.001*SQRT(1-4*A19^2/(BASE限界!$L$13*BASE限界!$L$13*4))/(PI()*BASE限界!$L$13*2) -> 5.2064824 | D19: 0.93920398 | E19: 1.3499968 | F19: 0.011930169 | G19: -0.19521777 | H19: 0.38818806 | I19: =1/2*BASE限界!$F$4*(BASE限界!$F$5^2)*(B19+B18)/2000*E19*0.1 -> 5.5699601 | J19: =1/2*BASE限界!$F$4*(BASE限界!$F$5^2)*(B19+B18)/2000*F19*0.1 -> 0.049222759
A20: 1600 | B20: 857.03704 | C20: =4*$M$3*10^3*100*0.001*SQRT(1-4*A20^2/(BASE限界!$L$13*BASE限界!$L$13*4))/(PI()*BASE限界!$L$13*2) -> 5.1995543 | D20: 0.92538904 | E20: 1.3508581 | F20: 0.011954848 | G20: -0.19510819 | H20: 0.38798084 | I20: =1/2*BASE限界!$F$4*(BASE限界!$F$5^2)*(B20+B19)/2000*E20*0.1 -> 5.5639122 | J20: =1/2*BASE限界!$F$4*(BASE限界!$F$5^2)*(B20+B19)/2000*F20*0.1 -> 0.049239612
A21: 1700 | B21: 854.07407 | C21: =4*$M$3*10^3*100*0.001*SQRT(1-4*A21^2/(BASE限界!$L$13*BASE限界!$L$13*4))/(PI()*BASE限界!$L$13*2) -> 5.192169 | D21: 0.91020115 | E21: 1.3518049 | F21: 0.01198198 | G21: -0.19498772 | H21: 0.38775302 | I21: =1/2*BASE限界!$F$4*(BASE限界!$F$5^2)*(B21+B20)/2000*E21*0.1 -> 5.5485961 | J21: =1/2*BASE限界!$F$4*(BASE限界!$F$5^2)*(B21+B20)/2000*F21*0.1 -> 0.049181038
A22: 1800 | B22: 851.11111 | C22: =4*$M$3*10^3*100*0.001*SQRT(1-4*A22^2/(BASE限界!$L$13*BASE限界!$L$13*4))/(PI()*BASE限界!$L$13*2) -> 5.1843247 | D22: 0.89520488 | E22: 1.3527062 | F22: 0.012008834 | G22: -0.19485918 | H22: 0.3875284 | I22: =1/2*BASE限界!$F$4*(BASE限界!$F$5^2)*(B22+B21)/2000*E22*0.1 -> 5.5330668 | J22: =1/2*BASE限界!$F$4*(BASE限界!$F$5^2)*(B22+B21)/2000*F22*0.1 -> 0.049120559
A23: 1900 | B23: 848.14815 | C23: =4*$M$3*10^3*100*0.001*SQRT(1-4*A23^2/(BASE限界!$L$13*BASE限界!$L$13*4))/(PI()*BASE限界!$L$13*2) -> 5.1760192 | D23: 0.88353197 | E23: 1.3533522 | F23: 0.012029846 | G23: -0.19474324 | H23: 0.3873541 | I23: =1/2*BASE限界!$F$4*(BASE限界!$F$5^2)*(B23+B22)/2000*E23*0.1 -> 5.5164712 | J23: =1/2*BASE限界!$F$4*(BASE限界!$F$5^2)*(B23+B22)/2000*F23*0.1 -> 0.049035498
... A113: 10900 | B113: 400 | C113: =4*$M$3*10^3*100*0.001*SQRT(1-4*A113^2/(BASE限界!$L$13*BASE限界!$L$13*4))/(PI()*BASE限界!$L$13*2) -> 0 | D113: 7.5755983 | E113: 0.58177635 | F113: 0.010828861 | G113: -0.1304781 | H113: 0.47468048 | I113: =1/2*BASE限界!$F$4*(BASE限界!$F$5^2)*(B113+B112)/2000*E113*0.1 -> 1.1294692 | J113: =1/2*BASE限界!$F$4*(BASE限界!$F$5^2)*(B113+B112)/2000*F113*0.1 -> 0.021023309
A114: 11000 | C114: =4*$M$3*10^3*100*0.001*SQRT(1-4*A114^2/(BASE限界!$L$13*BASE限界!$L$13*4))/(PI()*BASE限界!$L$13*2) -> #NUM! | J114: =1/2*BASE限界!$F$4*(BASE限界!$F$5^2)*(B114+B113)/2000*F114*0.1 -> 0
A115: 11100 | C115: =4*$M$3*10^3*100*0.001*SQRT(1-4*A115^2/(BASE限界!$L$13*BASE限界!$L$13*4))/(PI()*BASE限界!$L$13*2) -> #NUM! | J115: =1/2*BASE限界!$F$4*(BASE限界!$F$5^2)*(B115+B114)/2000*F115*0.1 -> 0
A116: 11200 | C116: =4*$M$3*10^3*100*0.001*SQRT(1-4*A116^2/(BASE限界!$L$13*BASE限界!$L$13*4))/(PI()*BASE限界!$L$13*2) -> #NUM! | J116: =1/2*BASE限界!$F$4*(BASE限界!$F$5^2)*(B116+B115)/2000*F116*0.1 -> 0
A117: 11300 | C117: =4*$M$3*10^3*100*0.001*SQRT(1-4*A117^2/(BASE限界!$L$13*BASE限界!$L$13*4))/(PI()*BASE限界!$L$13*2) -> #NUM! | J117: =1/2*BASE限界!$F$4*(BASE限界!$F$5^2)*(B117+B116)/2000*F117*0.1 -> 0
A118: 11400 | C118: =4*$M$3*10^3*100*0.001*SQRT(1-4*A118^2/(BASE限界!$L$13*BASE限界!$L$13*4))/(PI()*BASE限界!$L$13*2) -> #NUM! | J118: =1/2*BASE限界!$F$4*(BASE限界!$F$5^2)*(B118+B117)/2000*F118*0.1 -> 0
A119: 11500 | C119: =4*$M$3*10^3*100*0.001*SQRT(1-4*A119^2/(BASE限界!$L$13*BASE限界!$L$13*4))/(PI()*BASE限界!$L$13*2) -> #NUM! | J119: =1/2*BASE限界!$F$4*(BASE限界!$F$5^2)*(B119+B118)/2000*F119*0.1 -> 0
A120: 11600 | C120: =4*$M$3*10^3*100*0.001*SQRT(1-4*A120^2/(BASE限界!$L$13*BASE限界!$L$13*4))/(PI()*BASE限界!$L$13*2) -> #NUM! | J120: =1/2*BASE限界!$F$4*(BASE限界!$F$5^2)*(B120+B119)/2000*F120*0.1 -> 0
A121: 11700 | C121: =4*$M$3*10^3*100*0.001*SQRT(1-4*A121^2/(BASE限界!$L$13*BASE限界!$L$13*4))/(PI()*BASE限界!$L$13*2) -> #NUM! | J121: =1/2*BASE限界!$F$4*(BASE限界!$F$5^2)*(B121+B120)/2000*F121*0.1 -> 0
A122: 11800 | C122: =4*$M$3*10^3*100*0.001*SQRT(1-4*A122^2/(BASE限界!$L$13*BASE限界!$L$13*4))/(PI()*BASE限界!$L$13*2) -> #NUM! | J122: =1/2*BASE限界!$F$4*(BASE限界!$F$5^2)*(B122+B121)/2000*F122*0.1 -> 0
A123: 11900 | C123: =4*$M$3*10^3*100*0.001*SQRT(1-4*A123^2/(BASE限界!$L$13*BASE限界!$L$13*4))/(PI()*BASE限界!$L$13*2) -> #NUM! | J123: =1/2*BASE限界!$F$4*(BASE限界!$F$5^2)*(B123+B122)/2000*F123*0.1 -> 0
A124: 12000 | C124: =4*$M$3*10^3*100*0.001*SQRT(1-4*A124^2/(BASE限界!$L$13*BASE限界!$L$13*4))/(PI()*BASE限界!$L$13*2) -> #NUM! | J124: =1/2*BASE限界!$F$4*(BASE限界!$F$5^2)*(B124+B123)/2000*F124*0.1 -> 0
A125: 12100 | C125: =4*$M$3*10^3*100*0.001*SQRT(1-4*A125^2/(BASE限界!$L$13*BASE限界!$L$13*4))/(PI()*BASE限界!$L$13*2) -> #NUM! | J125: =1/2*BASE限界!$F$4*(BASE限界!$F$5^2)*(B125+B124)/2000*F125*0.1 -> 0
... A181: 17700 | C181: =4*$M$3*10^3*100*0.001*SQRT(1-4*A181^2/(BASE限界!$L$13*BASE限界!$L$13*4))/(PI()*BASE限界!$L$13*2) -> #NUM! | J181: =1/2*BASE限界!$F$4*(BASE限界!$F$5^2)*(B181+B180)/2000*F181*0.1 -> 0

Sheet csv1
A1: α | B1: Cl | C1: Cd | D1: Cdp | E1: Cm | F1: Top Xtr | G1: Bot Xtr | H1: Cpmin | I1: Chinge | L1: XCp
A2: 3.5 | B2: 0.95226155 | C2: 0.0084725135 | D2: 0.0032570608 | E2: -0.11252588 | F2: 0.53864324 | G2: 1 | H2: -1.3788231 | I2: 0 | J2: 0 | K2: 0 | L2: 0.36144196
A3: 3.5 | B3: 0.95226155 | C3: 0.0084725135 | D3: 0.0032570608 | E3: -0.11252588 | F3: 0.53864324 | G3: 1 | H3: -1.3788231 | I3: 0 | J3: 0 | K3: 0 | L3: 0.36144196
A4: 3.5 | B4: 0.95226155 | C4: 0.0084725135 | D4: 0.0032570608 | E4: -0.11252588 | F4: 0.53864324 | G4: 1 | H4: -1.3788231 | I4: 0 | J4: 0 | K4: 0 | L4: 0.36144196
A5: 3.5 | B5: 0.95226155 | C5: 0.0084725135 | D5: 0.0032570608 | E5: -0.11252588 | F5: 0.53864324 | G5: 1 | H5: -1.3788231 | I5: 0 | J5: 0 | K5: 0 | L5: 0.36144196
A6: 3.5 | B6: 0.95226155 | C6: 0.0084725135 | D6: 0.0032570608 | E6: -0.11252588 | F6: 0.53864324 | G6: 1 | H6: -1.3788231 | I6: 0 | J6: 0 | K6: 0 | L6: 0.36144196
A7: 3 | B7: 0.79039451 | C7: 0.0076104365 | D7: 0.0024593392 | E7: -0.097764838 | F7: 0.55640424 | G7: 1 | H7: -1.1179363 | I7: 0 | J7: 0 | K7: 0 | L7: 0.36918242
A8: 3 | B8: 0.79039451 | C8: 0.0076104365 | D8: 0.0024593392 | E8: -0.097764838 | F8: 0.55640424 | G8: 1 | H8: -1.1179363 | I8: 0 | J8: 0 | K8: 0 | L8: 0.36918242
A9: 1.8 | B9: 0.64159747 | C9: 0.0070989878 | D9: 0.0023886081 | E9: -0.097069622 | F9: 0.69851146 | G9: 1 | H9: -0.88286962 | I9: 0 | J9: 0 | K9: 0 | L9: 0.39837722
A10: 1.8 | B10: 0.64159747 | C10: 0.0070989878 | D10: 0.0023886081 | E10: -0.097069622 | F10: 0.69851146 | G10: 1 | H10: -0.88286962 | I10: 0 | J10: 0 | K10: 0 | L10: 0.39837722
A11: 1 | B11: 0.34819297 | C11: 0.0081731891 | D11: 0.0028254864 | E11: -0.047581622 | F11: 0.69024783 | G11: 0.90190594 | H11: -0.67054595 | I11: 0 | J11: 0 | K11: 0 | L11: 0.38437135

Sheet csv2
A1: α | B1: Cl | C1: Cd | D1: Cdp | E1: Cm | F1: Top Xtr | G1: Bot Xtr | H1: Cpmin | I1: Chinge | L1: XCp
A2: 3.2 | B2: 1.395502 | C2: 0.01424 | D2: 0.0080206802 | E2: -0.1861068 | F2: 0.43122916 | G2: 0.72443667 | H2: -1.8187476 | I2: 0 | J2: 0 | K2: 0 | L2: 0.3749
A3: 3.2 | B3: 1.395502 | C3: 0.01424 | D3: 0.0080206802 | E3: -0.1861068 | F3: 0.43122916 | G3: 0.72443667 | H3: -1.8187476 | I3: 0 | J3: 0 | K3: 0 | L3: 0.3749
A4: 3.2 | B4: 1.395502 | C4: 0.01424 | D4: 0.0080206802 | E4: -0.1861068 | F4: 0.43122916 | G4: 0.72443667 | H4: -1.8187476 | I4: 0 | J4: 0 | K4: 0 | L4: 0.3749
A5: 3.2 | B5: 1.395502 | C5: 0.01424 | D5: 0.0080206802 | E5: -0.1861068 | F5: 0.43122916 | G5: 0.72443667 | H5: -1.8187476 | I5: 0 | J5: 0 | K5: 0 | L5: 0.3749
A6: 3.2 | B6: 1.3382253 | C6: 0.013021483 | D6: 0.0071873748 | E6: -0.17500842 | F6: 0.55168998 | G6: 0.78901323 | H6: -1.7367683 | I6: 0.0102 | J6: 0 | K6: 0 | L6: 0.3743
A7: 2.7 | B7: 1.2186519 | C7: 0.011601153 | D7: 0.0058759605 | E7: -0.1689 | F7: 0.56953897 | G7: 0.79648002 | H7: -1.5174801 | I7: 0.0121 | J7: 0 | K7: 0 | L7: 0.3842
A8: 2.7 | B8: 1.2186519 | C8: 0.011601153 | D8: 0.0058759605 | E8: -0.1689 | F8: 0.56953897 | G8: 0.79648002 | H8: -1.5174801 | I8: 0.0121 | J8: 0 | K8: 0 | L8: 0.3842
A9: 1 | B9: 1.0418345 | C9: 0.010462731 | D9: 0.0050023665 | E9: -0.17410908 | F9: 0.7 | G9: 0.75988007 | H9: -1.1804745 | I9: 0.012847272 | J9: 0 | K9: 0 | L9: 0.41487091
A10: 1 | B10: 1.0418345 | C10: 0.010462731 | D10: 0.0050023665 | E10: -0.17410908 | F10: 0.7 | G10: 0.75988007 | H10: -1.1804745 | I10: 0.012847272 | J10: 0 | K10: 0 | L10: 0.41487091
A11: 0.5 | B11: 0.79324131 | C11: 0.010937547 | D11: 0.0049857945 | E11: -0.12799762 | F11: 0.7 | G11: 0.7845304 | H11: -0.9730915 | I11: 0.0092478099 | J11: 0 | K11: 0 | L11: 0.40955757
